{"cameraMode":{"drawMode":0,"name":"Shaded","section":"Shading Mode"},"sceneLighting":false,"audioPlay":false,"sceneViewState":{"m_AlwaysRefresh":false,"showFog":true,"showSkybox":false,"showFlares":true,"showImageEffects":false,"showParticleSystems":true,"showVisualEffectGraphs":true,"m_FxEnabled":true},"in2DMode":false,"pivot":{"x":-0.559549868106842,"y":0.249872088432312,"z":9.654070854187012},"rotation":{"x":0.07941248267889023,"y":-0.012859177775681019,"z":0.0010182459373027087,"w":0.9967830181121826},"size":8.943644523620606,"orthographic":false}