{"cameraMode":{"drawMode":0,"name":"Shaded","section":"Shading Mode"},"sceneLighting":false,"audioPlay":false,"sceneViewState":{"m_AlwaysRefresh":false,"showFog":true,"showSkybox":false,"showFlares":true,"showImageEffects":false,"showParticleSystems":true,"showVisualEffectGraphs":true,"m_FxEnabled":true},"in2DMode":false,"pivot":{"x":-29.214881896972658,"y":-40.16435241699219,"z":18.010272979736329},"rotation":{"x":0.4776516556739807,"y":-0.007906384766101838,"z":0.0042986273765563969,"w":0.8785067796707153},"size":52.905311584472659,"orthographic":false}