{"cameraMode":{"drawMode":0,"name":"Shaded","section":"Shading Mode"},"sceneLighting":false,"audioPlay":false,"sceneViewState":{"m_AlwaysRefresh":false,"showFog":true,"showSkybox":false,"showFlares":true,"showImageEffects":false,"showParticleSystems":true,"showVisualEffectGraphs":true,"m_FxEnabled":true},"in2DMode":false,"pivot":{"x":1.3792167901992798,"y":0.5958738327026367,"z":-4.810389995574951},"rotation":{"x":0.020393718034029008,"y":-0.9776620268821716,"z":0.11342453211545944,"w":0.1757822036743164},"size":0.8660253882408142,"orthographic":false}