{"cameraMode":{"drawMode":0,"name":"Shaded","section":"Shading Mode"},"sceneLighting":false,"audioPlay":false,"sceneViewState":{"m_AlwaysRefresh":false,"showFog":true,"showSkybox":false,"showFlares":true,"showImageEffects":false,"showParticleSystems":true,"showVisualEffectGraphs":true,"m_FxEnabled":true},"in2DMode":false,"pivot":{"x":1.9434723854064942,"y":0.9951316118240356,"z":-4.884836673736572},"rotation":{"x":0.017931491136550905,"y":0.9800845980644226,"z":-0.10477545112371445,"w":0.1677337884902954},"size":0.5911225080490112,"orthographic":false}