{"cameraMode":{"drawMode":0,"name":"Shaded","section":"Shading Mode"},"sceneLighting":false,"audioPlay":false,"sceneViewState":{"m_AlwaysRefresh":false,"showFog":true,"showSkybox":false,"showFlares":true,"showImageEffects":true,"showParticleSystems":true,"showVisualEffectGraphs":true,"m_FxEnabled":true},"in2DMode":false,"pivot":{"x":0.05870784446597099,"y":1.0641279220581055,"z":-0.5017859935760498},"rotation":{"x":0.46062007546424868,"y":-0.11339838057756424,"z":0.05947218835353851,"w":0.8783259391784668},"size":2.7722580432891847,"orthographic":true}