{"cameraMode":{"drawMode":0,"name":"Shaded","section":"Shading Mode"},"sceneLighting":true,"audioPlay":false,"sceneViewState":{"m_AlwaysRefresh":false,"showFog":true,"showSkybox":true,"showFlares":true,"showImageEffects":false,"showParticleSystems":true,"showVisualEffectGraphs":true,"m_FxEnabled":true},"in2DMode":false,"pivot":{"x":5.367981910705566,"y":30.03956413269043,"z":-17.71236801147461},"rotation":{"x":0.5076912641525269,"y":-0.0012915974948555232,"z":0.0007617498049512506,"w":0.8615463376045227},"size":8.073403358459473,"orthographic":false}