{"cameraMode":{"drawMode":0,"name":"Shaded","section":"Shading Mode"},"sceneLighting":true,"audioPlay":false,"sceneViewState":{"m_AlwaysRefresh":false,"showFog":true,"showSkybox":true,"showFlares":true,"showImageEffects":false,"showParticleSystems":true,"showVisualEffectGraphs":true,"m_FxEnabled":true},"in2DMode":false,"pivot":{"x":3.768172264099121,"y":-59.53114318847656,"z":108.00382995605469},"rotation":{"x":-0.2554464340209961,"y":-0.0008729044930078089,"z":0.00023084398708306253,"w":-0.9668235778808594},"size":83.9354019165039,"orthographic":false}