{"cameraMode":{"drawMode":0,"name":"Shaded","section":"Shading Mode"},"sceneLighting":true,"audioPlay":false,"sceneViewState":{"m_AlwaysRefresh":false,"showFog":true,"showSkybox":true,"showFlares":true,"showImageEffects":true,"showParticleSystems":true,"showVisualEffectGraphs":true,"m_FxEnabled":true},"in2DMode":false,"pivot":{"x":-2.9565982818603517,"y":-97.64112091064453,"z":11.887388229370118},"rotation":{"x":-0.6641148328781128,"y":-0.0006747798179276288,"z":0.0005994985112920404,"w":-0.7476305961608887},"size":72.89429473876953,"orthographic":false}