{"cameraMode":{"drawMode":0,"name":"Shaded","section":"Shading Mode"},"sceneLighting":true,"audioPlay":false,"sceneViewState":{"m_AlwaysRefresh":false,"showFog":true,"showSkybox":true,"showFlares":true,"showImageEffects":true,"showParticleSystems":true,"showVisualEffectGraphs":true,"m_FxEnabled":true},"in2DMode":false,"pivot":{"x":1.8815895318984986,"y":3.1776607036590578,"z":-2.610579252243042},"rotation":{"x":0.32466429471969607,"y":0.03545733913779259,"z":-0.012180625461041928,"w":0.9450859427452087},"size":6.860427379608154,"orthographic":false}