{"cameraMode":{"drawMode":0,"name":"Shaded","section":"Shading Mode"},"sceneLighting":true,"audioPlay":false,"sceneViewState":{"m_AlwaysRefresh":false,"showFog":true,"showSkybox":true,"showFlares":true,"showImageEffects":true,"showParticleSystems":true,"showVisualEffectGraphs":true,"m_FxEnabled":true},"in2DMode":false,"pivot":{"x":3.9102883338928224,"y":-30.96768569946289,"z":95.17095947265625},"rotation":{"x":0.15773504972457887,"y":-0.005925031844526529,"z":0.0009512105025351048,"w":0.9874723553657532},"size":58.99831008911133,"orthographic":false}