{"cameraMode":{"drawMode":0,"name":"Shaded","section":"Shading Mode"},"sceneLighting":true,"audioPlay":false,"sceneViewState":{"m_AlwaysRefresh":false,"showFog":true,"showSkybox":true,"showFlares":true,"showImageEffects":false,"showParticleSystems":true,"showVisualEffectGraphs":true,"m_FxEnabled":true},"in2DMode":false,"pivot":{"x":596.8070068359375,"y":665.0786743164063,"z":60.38134765625},"rotation":{"x":-0.04588167369365692,"y":0.0054021417163312439,"z":-0.00024718453641980886,"w":-0.9989346861839294},"size":849.2188110351563,"orthographic":false}