{"cameraMode":{"drawMode":0,"name":"Shaded","section":"Shading Mode"},"sceneLighting":true,"audioPlay":false,"sceneViewState":{"m_AlwaysRefresh":false,"showFog":true,"showSkybox":true,"showFlares":true,"showImageEffects":true,"showParticleSystems":true,"showVisualEffectGraphs":true,"m_FxEnabled":true},"in2DMode":false,"pivot":{"x":-2.317073106765747,"y":-0.9719047546386719,"z":4.415447235107422},"rotation":{"x":0.4417065680027008,"y":0.002692486857995391,"z":-0.0013256577076390386,"w":0.8971583247184753},"size":27.503450393676759,"orthographic":false}