{"cameraMode":{"drawMode":0,"name":"Shaded","section":"Shading Mode"},"sceneLighting":true,"audioPlay":false,"sceneViewState":{"m_AlwaysRefresh":false,"showFog":true,"showSkybox":true,"showFlares":true,"showImageEffects":false,"showParticleSystems":true,"showVisualEffectGraphs":true,"m_FxEnabled":true},"in2DMode":false,"pivot":{"x":10.647139549255371,"y":-26.641010284423829,"z":82.63172149658203},"rotation":{"x":-0.17918053269386292,"y":-0.04072005674242973,"z":0.007422827649861574,"w":-0.9829458594322205},"size":53.04022979736328,"orthographic":false}