{"cameraMode":{"drawMode":0,"name":"Shaded","section":"Shading Mode"},"sceneLighting":true,"audioPlay":false,"sceneViewState":{"m_AlwaysRefresh":false,"showFog":true,"showSkybox":true,"showFlares":true,"showImageEffects":false,"showParticleSystems":true,"showVisualEffectGraphs":true,"m_FxEnabled":true},"in2DMode":false,"pivot":{"x":1.0882381200790406,"y":-54.89524841308594,"z":23.409963607788087},"rotation":{"x":0.5976019501686096,"y":0.0012023091549053789,"z":-0.0008970461203716695,"w":0.8018061518669128},"size":71.47285461425781,"orthographic":false}