{"cameraMode":{"drawMode":0,"name":"Shaded","section":"Shading Mode"},"sceneLighting":true,"audioPlay":false,"sceneViewState":{"m_AlwaysRefresh":false,"showFog":true,"showSkybox":true,"showFlares":true,"showImageEffects":true,"showParticleSystems":true,"showVisualEffectGraphs":true,"m_FxEnabled":true},"in2DMode":false,"pivot":{"x":3.929999828338623,"y":-5.539999961853027,"z":7.489999771118164},"rotation":{"x":0.6348711848258972,"y":-0.009271133691072464,"z":0.007617625407874584,"w":0.7725290656089783},"size":15.836657524108887,"orthographic":true}