{"cameraMode":{"drawMode":0,"name":"Shaded","section":"Shading Mode"},"sceneLighting":true,"audioPlay":false,"sceneViewState":{"m_AlwaysRefresh":false,"showFog":true,"showSkybox":true,"showFlares":true,"showImageEffects":true,"showParticleSystems":true,"showVisualEffectGraphs":true,"m_FxEnabled":true},"in2DMode":false,"pivot":{"x":1.428796648979187,"y":5.927160263061523,"z":-3.1371145248413088},"rotation":{"x":0.5243914127349854,"y":0.0005125332972966135,"z":-0.0003156539751216769,"w":0.8514775633811951},"size":12.12435531616211,"orthographic":false}