{"cameraMode":{"drawMode":0,"name":"Shaded","section":"Shading Mode"},"sceneLighting":true,"audioPlay":false,"sceneViewState":{"m_AlwaysRefresh":false,"showFog":true,"showSkybox":true,"showFlares":true,"showImageEffects":false,"showParticleSystems":true,"showVisualEffectGraphs":true,"m_FxEnabled":true},"in2DMode":false,"pivot":{"x":3.823598861694336,"y":-57.73457717895508,"z":109.3182373046875},"rotation":{"x":-0.23209065198898316,"y":-0.025678452104330064,"z":0.006129493936896324,"w":-0.9723371267318726},"size":87.89047241210938,"orthographic":false}