{"cameraMode":{"drawMode":0,"name":"Shaded","section":"Shading Mode"},"sceneLighting":true,"audioPlay":false,"sceneViewState":{"m_AlwaysRefresh":false,"showFog":true,"showSkybox":true,"showFlares":true,"showImageEffects":true,"showParticleSystems":true,"showVisualEffectGraphs":true,"m_FxEnabled":true},"in2DMode":false,"pivot":{"x":3.0441207885742189,"y":-55.94333267211914,"z":61.19226837158203},"rotation":{"x":-0.39154475927352908,"y":0.0005496685625985265,"z":-0.0002338192134629935,"w":-0.920159637928009},"size":81.04370880126953,"orthographic":false}