{"cameraMode":{"drawMode":0,"name":"Shaded","section":"Shading Mode"},"sceneLighting":true,"audioPlay":false,"sceneViewState":{"m_AlwaysRefresh":false,"showFog":true,"showSkybox":true,"showFlares":true,"showImageEffects":true,"showParticleSystems":true,"showVisualEffectGraphs":true,"m_FxEnabled":true},"in2DMode":false,"pivot":{"x":-0.8221899271011353,"y":1.1371086835861207,"z":0.22121012210845948},"rotation":{"x":-0.01086668111383915,"y":0.9829120635986328,"z":-0.17308765649795533,"w":-0.06170838326215744},"size":0.405753493309021,"orthographic":false}