{"cameraMode":{"drawMode":0,"name":"Shaded","section":"Shading Mode"},"sceneLighting":false,"audioPlay":false,"sceneViewState":{"m_AlwaysRefresh":false,"showFog":true,"showSkybox":false,"showFlares":true,"showImageEffects":true,"showParticleSystems":true,"showVisualEffectGraphs":true,"m_FxEnabled":true},"in2DMode":false,"pivot":{"x":0.47926026582717898,"y":2.425326347351074,"z":-0.02933025360107422},"rotation":{"x":0.12952156364917756,"y":0.013385813683271408,"z":-0.0017486469587311149,"w":0.9914852380752564},"size":3.3243660926818849,"orthographic":false}