{"cameraMode":{"drawMode":0,"name":"Shaded","section":"Shading Mode"},"sceneLighting":false,"audioPlay":false,"sceneViewState":{"m_AlwaysRefresh":false,"showFog":true,"showSkybox":false,"showFlares":true,"showImageEffects":false,"showParticleSystems":true,"showVisualEffectGraphs":true,"m_FxEnabled":true},"in2DMode":false,"pivot":{"x":0.2826061248779297,"y":-0.21813106536865235,"z":-1.7020655870437623},"rotation":{"x":0.36655744910240176,"y":-0.6115385890007019,"z":0.5888510942459106,"w":0.38068103790283205},"size":3.3073947429656984,"orthographic":false}