{"cameraMode":{"drawMode":0,"name":"Shaded","section":"Shading Mode"},"sceneLighting":false,"audioPlay":false,"sceneViewState":{"m_AlwaysRefresh":false,"showFog":true,"showSkybox":false,"showFlares":true,"showImageEffects":false,"showParticleSystems":true,"showVisualEffectGraphs":true,"m_FxEnabled":true},"in2DMode":false,"pivot":{"x":-20.559825897216798,"y":-0.7602338790893555,"z":20.529626846313478},"rotation":{"x":0.5024760365486145,"y":0.010375243611633778,"z":-0.006030075252056122,"w":0.8645122647285461},"size":4.166025161743164,"orthographic":false}