{"cameraMode":{"drawMode":0,"name":"Shaded","section":"Shading Mode"},"sceneLighting":false,"audioPlay":false,"sceneViewState":{"m_AlwaysRefresh":false,"showFog":true,"showSkybox":false,"showFlares":true,"showImageEffects":false,"showParticleSystems":true,"showVisualEffectGraphs":true,"m_FxEnabled":true},"in2DMode":false,"pivot":{"x":0.32323092222213747,"y":1.3764703273773194,"z":3.829359531402588},"rotation":{"x":0.6287450790405273,"y":-0.06162616237998009,"z":0.050090156495571139,"w":0.7735493779182434},"size":10.364836692810059,"orthographic":false}