{"cameraMode":{"drawMode":0,"name":"Shaded","section":"Shading Mode"},"sceneLighting":false,"audioPlay":false,"sceneViewState":{"m_AlwaysRefresh":false,"showFog":true,"showSkybox":false,"showFlares":true,"showImageEffects":true,"showParticleSystems":true,"showVisualEffectGraphs":true,"m_FxEnabled":true},"in2DMode":false,"pivot":{"x":-1.0755467414855958,"y":-0.1328754425048828,"z":-1.740731954574585},"rotation":{"x":0.3223511576652527,"y":-0.03917018696665764,"z":0.013367010280489922,"w":0.9457318782806397},"size":18.175670623779298,"orthographic":true}