{"cameraMode":{"drawMode":0,"name":"Shaded","section":"Shading Mode"},"sceneLighting":false,"audioPlay":false,"sceneViewState":{"m_AlwaysRefresh":false,"showFog":true,"showSkybox":false,"showFlares":true,"showImageEffects":false,"showParticleSystems":true,"showVisualEffectGraphs":true,"m_FxEnabled":true},"in2DMode":false,"pivot":{"x":0.2544054388999939,"y":3.9507970809936525,"z":3.7659902572631838},"rotation":{"x":0.07340028136968613,"y":-0.03081141971051693,"z":0.0022707595489919187,"w":0.9968406558036804},"size":7.285482883453369,"orthographic":false}