{"cameraMode":{"drawMode":0,"name":"Shaded","section":"Shading Mode"},"sceneLighting":false,"audioPlay":false,"sceneViewState":{"m_AlwaysRefresh":false,"showFog":true,"showSkybox":false,"showFlares":true,"showImageEffects":false,"showParticleSystems":true,"showVisualEffectGraphs":true,"m_FxEnabled":true},"in2DMode":false,"pivot":{"x":0.0747140645980835,"y":-4.625277519226074,"z":3.1538238525390627},"rotation":{"x":-0.5284832119941711,"y":-0.0007663292926736176,"z":0.00047732997336424887,"w":-0.8489487767219544},"size":13.82168197631836,"orthographic":false}