{"cameraMode":{"drawMode":0,"name":"Shaded","section":"Shading Mode"},"sceneLighting":false,"audioPlay":false,"sceneViewState":{"m_AlwaysRefresh":false,"showFog":true,"showSkybox":false,"showFlares":true,"showImageEffects":false,"showParticleSystems":true,"showVisualEffectGraphs":true,"m_FxEnabled":true},"in2DMode":false,"pivot":{"x":-0.09259352087974549,"y":-0.7583990097045898,"z":0.9552927017211914},"rotation":{"x":-0.5772098898887634,"y":-0.0031867846846580507,"z":0.0022530676797032358,"w":-0.8165918588638306},"size":6.885367393493652,"orthographic":false}